James,male
John,male
Robert,male
Michael,male
William,male
Mary,female
David,male
Joseph,male
Richard,male
Charles,male
Thomas,male
Christopher,male
Daniel,male
Matthew,male
Elizabeth,female
Patricia,female
Jennifer,female
Anthony,male
George,male
Linda,female
Barbara,female
Donald,male
Paul,male
Mark,male
Andrew,male
Steven,male
Kenneth,male
Edward,male
Joshua,male
Margaret,female
Brian,male
Kevin,male
Jessica,female
Sarah,female
Susan,female
Timothy,male
Dorothy,female
Jason,male
Ronald,male
Helen,female
Ryan,male
Jeffrey,male
Karen,female
Nancy,female
Betty,female
Lisa,female
Jacob,male
Nicholas,male
Ashley,female
Eric,male
Frank,male
Gary,male
Anna,female
Stephen,male
Jonathan,male
Sandra,female
Emily,female
Amanda,female
Kimberly,female
Michelle,female
Donna,female
Justin,male
Laura,female
Ruth,female
Carol,female
Brandon,male
Larry,male
Scott,male
Melissa,female
Stephanie,female
Benjamin,male
Raymond,male
Samuel,male
Rebecca,female
Deborah,female
Gregory,male
Sharon,female
Kathleen,female
Amy,female
Cynthia,female
Alexander,male
Patrick,male
Jack,male
Henry,male
Angela,female
Shirley,female
Emma,female
Catherine,female
Katherine,female
Virginia,female
Nicole,female
Dennis,male
Walter,male
Tyler,male
Peter,male
Brenda,female
Aaron,male
Jerry,male
Christine,female
Samantha,female
Adam,male
Rachel,female
Pamela,female
Frances,female
Nathan,male
Douglas,male
Heather,female
Evelyn,female
Jose,male
Alice,female
Janet,female
Maria,female
Zachary,male
Carolyn,female
Debra,female
Harold,male
Martha,female
Marie,female
Arthur,male
Julie,female
Kyle,male
Diane,female
Christina,female
Victoria,female
Joyce,female
Carl,male
Lauren,female
Grace,female
Kelly,female
Albert,male
Rose,female
Megan,female
Joan,female
Jeremy,male
Ann,female
Julia,female
Kathryn,female
Lawrence,male
Olivia,female
Judith,female
Doris,female
Jean,female
Andrea,female
Gerald,male
Sean,male
Joe,male
Keith,male
Sara,female
Cheryl,female
Hannah,female
Mildred,female
Willie,male
Lillian,female
Roger,male
Jesse,male
Jacqueline,female
Ethan,male
Terry,male
Christian,male
Harry,male
Teresa,female
Austin,male
Gloria,female
Ralph,male
Janice,female
Roy,male
Theresa,female
Amber,female
Danielle,female
Noah,male
Bryan,male
Jordan,male
Louis,male
Brittany,female
Bruce,male
Madison,female
Judy,female
Billy,male
Dylan,male
Denise,female
Beverly,female
Eugene,male
Jane,female
Marilyn,female
Abigail,female
Diana,female
Charlotte,female
Natalie,female
Tiffany,female
Wayne,male
Russell,male
Alan,male
Crystal,female
Sophia,female
Irene,female
Juan,male
Ruby,female
Gabriel,male
Philip,male
Annie,female
